Job Title,Description
Financial Data Analyst,"Seeking a Financial Data Analyst to analyze revenue, expenses, budgeting, and forecasting trends. Responsibilities include Excel modeling, SQL reporting, and financial dashboard creation for business planning. for enterprise solutions."
Financial Data Analyst,"Seeking a Financial Data Analyst to analyze revenue, expenses, budgeting, and forecasting trends. Responsibilities include Excel modeling, SQL reporting, and financial dashboard creation for business planning. for startup environments."
Financial Data Analyst,"Seeking a Financial Data Analyst to analyze revenue, expenses, budgeting, and forecasting trends. Responsibilities include Excel modeling, SQL reporting, and financial dashboard creation for business planning. for global teams."
Healthcare Data Analyst,"Seeking a Healthcare Data Analyst to manage patient records, hospital metrics, and healthcare reporting. Experience with SQL, Power BI, and healthcare compliance analytics required. for enterprise solutions."
Healthcare Data Analyst,"Seeking a Healthcare Data Analyst to manage patient records, hospital metrics, and healthcare reporting. Experience with SQL, Power BI, and healthcare compliance analytics required. for startup environments."
Healthcare Data Analyst,"Seeking a Healthcare Data Analyst to manage patient records, hospital metrics, and healthcare reporting. Experience with SQL, Power BI, and healthcare compliance analytics required. for global teams."
Marketing Data Analyst,"Seeking a Marketing Data Analyst to evaluate campaign performance, customer segmentation, and ROI analysis using Tableau, Excel, and SQL. for enterprise solutions."
Marketing Data Analyst,"Seeking a Marketing Data Analyst to evaluate campaign performance, customer segmentation, and ROI analysis using Tableau, Excel, and SQL. for startup environments."
Marketing Data Analyst,"Seeking a Marketing Data Analyst to evaluate campaign performance, customer segmentation, and ROI analysis using Tableau, Excel, and SQL. for global teams."
Product Data Analyst,"Seeking a Product Data Analyst to analyze user behavior, product metrics, and A/B testing results to improve product decisions. for enterprise solutions."
Product Data Analyst,"Seeking a Product Data Analyst to analyze user behavior, product metrics, and A/B testing results to improve product decisions. for startup environments."
Product Data Analyst,"Seeking a Product Data Analyst to analyze user behavior, product metrics, and A/B testing results to improve product decisions. for global teams."
Business Intelligence Analyst,"Seeking a BI Analyst to build dashboards, KPIs, and reports using Power BI, Tableau, SQL, and stakeholder communication. for enterprise solutions."
Business Intelligence Analyst,"Seeking a BI Analyst to build dashboards, KPIs, and reports using Power BI, Tableau, SQL, and stakeholder communication. for startup environments."
Business Intelligence Analyst,"Seeking a BI Analyst to build dashboards, KPIs, and reports using Power BI, Tableau, SQL, and stakeholder communication. for global teams."
Machine Learning Engineer,"Seeking an ML Engineer to build predictive models, NLP systems, and deep learning pipelines using Python, TensorFlow, and scikit-learn. for enterprise solutions."
Machine Learning Engineer,"Seeking an ML Engineer to build predictive models, NLP systems, and deep learning pipelines using Python, TensorFlow, and scikit-learn. for startup environments."
Machine Learning Engineer,"Seeking an ML Engineer to build predictive models, NLP systems, and deep learning pipelines using Python, TensorFlow, and scikit-learn. for global teams."
Computer Vision Engineer,"Seeking a CV Engineer to develop object detection, image classification, and OCR solutions using OpenCV and PyTorch. for enterprise solutions."
Computer Vision Engineer,"Seeking a CV Engineer to develop object detection, image classification, and OCR solutions using OpenCV and PyTorch. for startup environments."
Computer Vision Engineer,"Seeking a CV Engineer to develop object detection, image classification, and OCR solutions using OpenCV and PyTorch. for global teams."
NLP Engineer,"Seeking an NLP Engineer to create chatbots, sentiment analysis systems, and language models using transformers and Python. for enterprise solutions."
NLP Engineer,"Seeking an NLP Engineer to create chatbots, sentiment analysis systems, and language models using transformers and Python. for startup environments."
NLP Engineer,"Seeking an NLP Engineer to create chatbots, sentiment analysis systems, and language models using transformers and Python. for global teams."
Frontend React Developer,"Seeking a React Developer to build responsive interfaces, reusable components, and integrate REST APIs. for enterprise solutions."
Frontend React Developer,"Seeking a React Developer to build responsive interfaces, reusable components, and integrate REST APIs. for startup environments."
Frontend React Developer,"Seeking a React Developer to build responsive interfaces, reusable components, and integrate REST APIs. for global teams."
UI Developer,"Seeking a UI Developer skilled in HTML, CSS, JavaScript, animations, and responsive layouts. for enterprise solutions."
UI Developer,"Seeking a UI Developer skilled in HTML, CSS, JavaScript, animations, and responsive layouts. for startup environments."
UI Developer,"Seeking a UI Developer skilled in HTML, CSS, JavaScript, animations, and responsive layouts. for global teams."
Backend Node Developer,"Seeking a Backend Developer to create APIs, manage databases, and implement authentication systems using Node.js and Express. for enterprise solutions."
Backend Node Developer,"Seeking a Backend Developer to create APIs, manage databases, and implement authentication systems using Node.js and Express. for startup environments."
Backend Node Developer,"Seeking a Backend Developer to create APIs, manage databases, and implement authentication systems using Node.js and Express. for global teams."
Python Backend Developer,Seeking a Python Backend Developer with Django or Flask experience for API and microservice development. for enterprise solutions.
Python Backend Developer,Seeking a Python Backend Developer with Django or Flask experience for API and microservice development. for startup environments.
Python Backend Developer,Seeking a Python Backend Developer with Django or Flask experience for API and microservice development. for global teams.
Java Spring Developer,Seeking a Java Developer with Spring Boot and Hibernate for enterprise backend applications. for enterprise solutions.
Java Spring Developer,Seeking a Java Developer with Spring Boot and Hibernate for enterprise backend applications. for startup environments.
Java Spring Developer,Seeking a Java Developer with Spring Boot and Hibernate for enterprise backend applications. for global teams.
DevOps Engineer,"Seeking a DevOps Engineer for CI/CD pipelines, Docker, Kubernetes, AWS, and automation scripting. for enterprise solutions."
DevOps Engineer,"Seeking a DevOps Engineer for CI/CD pipelines, Docker, Kubernetes, AWS, and automation scripting. for startup environments."
DevOps Engineer,"Seeking a DevOps Engineer for CI/CD pipelines, Docker, Kubernetes, AWS, and automation scripting. for global teams."
Cloud Architect,Seeking a Cloud Architect to design scalable AWS and Azure cloud infrastructure and security. for enterprise solutions.
Cloud Architect,Seeking a Cloud Architect to design scalable AWS and Azure cloud infrastructure and security. for startup environments.
Cloud Architect,Seeking a Cloud Architect to design scalable AWS and Azure cloud infrastructure and security. for global teams.
Cybersecurity Analyst,"Seeking a Cybersecurity Analyst for penetration testing, vulnerability assessment, and incident response. for enterprise solutions."
Cybersecurity Analyst,"Seeking a Cybersecurity Analyst for penetration testing, vulnerability assessment, and incident response. for startup environments."
Cybersecurity Analyst,"Seeking a Cybersecurity Analyst for penetration testing, vulnerability assessment, and incident response. for global teams."
Network Security Engineer,"Seeking a Network Security Engineer to manage firewalls, VPNs, and intrusion detection systems. for enterprise solutions."
Network Security Engineer,"Seeking a Network Security Engineer to manage firewalls, VPNs, and intrusion detection systems. for startup environments."
Network Security Engineer,"Seeking a Network Security Engineer to manage firewalls, VPNs, and intrusion detection systems. for global teams."
Android Developer,"Seeking an Android Developer skilled in Kotlin, Java, and mobile app architecture. for enterprise solutions."
Android Developer,"Seeking an Android Developer skilled in Kotlin, Java, and mobile app architecture. for startup environments."
Android Developer,"Seeking an Android Developer skilled in Kotlin, Java, and mobile app architecture. for global teams."
iOS Developer,Seeking an iOS Developer with Swift and UIKit experience for mobile applications. for enterprise solutions.
iOS Developer,Seeking an iOS Developer with Swift and UIKit experience for mobile applications. for startup environments.
iOS Developer,Seeking an iOS Developer with Swift and UIKit experience for mobile applications. for global teams.
Flutter Developer,Seeking a Flutter Developer for cross-platform app development and API integration. for enterprise solutions.
Flutter Developer,Seeking a Flutter Developer for cross-platform app development and API integration. for startup environments.
Flutter Developer,Seeking a Flutter Developer for cross-platform app development and API integration. for global teams.
QA Automation Engineer,"Seeking a QA Engineer skilled in Selenium, test automation, and software quality assurance. for enterprise solutions."
QA Automation Engineer,"Seeking a QA Engineer skilled in Selenium, test automation, and software quality assurance. for startup environments."
QA Automation Engineer,"Seeking a QA Engineer skilled in Selenium, test automation, and software quality assurance. for global teams."
Manual Tester,"Seeking a Manual Tester for functional, regression, and usability testing. for enterprise solutions."
Manual Tester,"Seeking a Manual Tester for functional, regression, and usability testing. for startup environments."
Manual Tester,"Seeking a Manual Tester for functional, regression, and usability testing. for global teams."
Database Administrator,"Seeking a DBA with MySQL, PostgreSQL, indexing, backup, and performance tuning experience. for enterprise solutions."
Database Administrator,"Seeking a DBA with MySQL, PostgreSQL, indexing, backup, and performance tuning experience. for startup environments."
Database Administrator,"Seeking a DBA with MySQL, PostgreSQL, indexing, backup, and performance tuning experience. for global teams."
Data Engineer,"Seeking a Data Engineer to build ETL pipelines, manage big data systems, and optimize data warehouses. for enterprise solutions."
Data Engineer,"Seeking a Data Engineer to build ETL pipelines, manage big data systems, and optimize data warehouses. for startup environments."
Data Engineer,"Seeking a Data Engineer to build ETL pipelines, manage big data systems, and optimize data warehouses. for global teams."
Blockchain Developer,"Seeking a Blockchain Developer skilled in Solidity, Ethereum, smart contracts, and Web3. for enterprise solutions."
Blockchain Developer,"Seeking a Blockchain Developer skilled in Solidity, Ethereum, smart contracts, and Web3. for startup environments."
Blockchain Developer,"Seeking a Blockchain Developer skilled in Solidity, Ethereum, smart contracts, and Web3. for global teams."
Game Developer,"Seeking a Game Developer with Unity, Unreal Engine, and C# experience. for enterprise solutions."
Game Developer,"Seeking a Game Developer with Unity, Unreal Engine, and C# experience. for startup environments."
Game Developer,"Seeking a Game Developer with Unity, Unreal Engine, and C# experience. for global teams."
Full Stack Developer,"Seeking a Full Stack Developer with React, Node.js, MongoDB, and deployment skills. for enterprise solutions."
Full Stack Developer,"Seeking a Full Stack Developer with React, Node.js, MongoDB, and deployment skills. for startup environments."
Full Stack Developer,"Seeking a Full Stack Developer with React, Node.js, MongoDB, and deployment skills. for global teams."
Business Analyst,"Seeking a Business Analyst for requirement gathering, KPI analysis, and stakeholder communication. for enterprise solutions."
Business Analyst,"Seeking a Business Analyst for requirement gathering, KPI analysis, and stakeholder communication. for startup environments."
Business Analyst,"Seeking a Business Analyst for requirement gathering, KPI analysis, and stakeholder communication. for global teams."
Cloud Engineer,"Seeking a Cloud Engineer experienced in AWS deployment, monitoring, and infrastructure automation. for enterprise solutions."
Cloud Engineer,"Seeking a Cloud Engineer experienced in AWS deployment, monitoring, and infrastructure automation. for startup environments."
Cloud Engineer,"Seeking a Cloud Engineer experienced in AWS deployment, monitoring, and infrastructure automation. for global teams."
Software Tester,"Seeking a Software Tester for bug tracking, test cases, and software validation. for enterprise solutions."
Software Tester,"Seeking a Software Tester for bug tracking, test cases, and software validation. for startup environments."
Software Tester,"Seeking a Software Tester for bug tracking, test cases, and software validation. for global teams."
